STATE,PUMA,metro,metro_pop_share,puma_pop_2020
13,00701,Atlanta,1.0,103318.0
13,00702,Atlanta,1.0,147965.0
13,00801,Atlanta,1.0,109950.0
13,00802,Atlanta,1.0,156670.0
13,00900,Atlanta,1.0,108901.0
13,01100,Atlanta,1.0,168661.0
13,01200,Atlanta,1.0,144237.0
13,01301,Atlanta,1.0,136909.0
13,01302,Atlanta,1.0,158362.0
13,01303,Atlanta,1.0,153060.0
13,01304,Atlanta,1.0,142096.0
13,01305,Atlanta,1.0,175722.0
13,01401,Atlanta,1.0,141883.0
13,01402,Atlanta,1.0,141088.0
13,01403,Atlanta,1.0,108321.0
13,01404,Atlanta,1.0,160790.0
13,01405,Atlanta,1.0,144940.0
13,01406,Atlanta,1.0,152642.0
13,01407,Atlanta,1.0,108190.0
13,01408,Atlanta,1.0,108856.0
13,01501,Atlanta,1.0,151649.0
13,01502,Atlanta,1.0,129176.0
13,01503,Atlanta,1.0,124368.0
13,01504,Atlanta,1.0,112094.0
13,01505,Atlanta,1.0,118224.0
13,01506,Atlanta,1.0,128871.0
13,01601,Atlanta,1.0,156916.0
13,01602,Atlanta,1.0,140114.0
13,01603,Atlanta,1.0,132178.0
13,01604,Atlanta,1.0,123694.0
13,01605,Atlanta,1.0,135524.0
13,01606,Atlanta,1.0,132124.0
13,01607,Atlanta,1.0,136512.0
13,01700,Atlanta,0.5238313301382581,159412.0
13,02000,Atlanta,1.0,131358.0
13,02100,Atlanta,1.0,206053.0
13,02201,Atlanta,1.0,116602.0
13,02202,Atlanta,1.0,124110.0
13,02301,Atlanta,1.0,155520.0
13,02302,Atlanta,1.0,142075.0
13,02400,Atlanta,1.0,119194.0
13,02500,Atlanta,1.0,146158.0
13,02600,Atlanta,1.0,119148.0
13,02800,Atlanta,0.7072781301281768,157829.0
26,01701,Detroit,0.6213383254105143,142626.0
26,02800,Detroit,1.0,193866.0
26,02901,Detroit,1.0,141074.0
26,02902,Detroit,1.0,139946.0
26,02903,Detroit,1.0,176267.0
26,02904,Detroit,1.0,157180.0
26,02905,Detroit,1.0,137228.0
26,02906,Detroit,1.0,158027.0
26,02907,Detroit,1.0,176289.0
26,02908,Detroit,1.0,188384.0
26,03001,Detroit,1.0,126387.0
26,03002,Detroit,1.0,176316.0
26,03003,Detroit,1.0,134346.0
26,03004,Detroit,1.0,155250.0
26,03005,Detroit,1.0,140979.0
26,03006,Detroit,1.0,147939.0
26,03100,Detroit,1.0,160383.0
26,03201,Detroit,1.0,204901.0
26,03202,Detroit,1.0,145039.0
26,03203,Detroit,1.0,173268.0
26,03204,Detroit,1.0,156601.0
26,03205,Detroit,1.0,115191.0
26,03206,Detroit,1.0,136749.0
26,03207,Detroit,1.0,123321.0
26,03208,Detroit,1.0,154586.0
26,03209,Detroit,1.0,126448.0
26,03210,Detroit,1.0,108909.0
26,03211,Detroit,1.0,122822.0
26,03212,Detroit,1.0,106725.0
26,03213,Detroit,1.0,119001.0
48,04400,Houston,1.0,138199.0
48,04501,Houston,1.0,173848.0
48,04502,Houston,1.0,169385.0
48,04503,Houston,1.0,118570.0
48,04504,Houston,1.0,158640.0
48,04601,Houston,1.0,120759.0
48,04602,Houston,1.0,113181.0
48,04603,Houston,1.0,133134.0
48,04604,Houston,1.0,153502.0
48,04605,Houston,1.0,116402.0
48,04606,Houston,1.0,112087.0
48,04607,Houston,1.0,129639.0
48,04608,Houston,1.0,103320.0
48,04609,Houston,1.0,129596.0
48,04610,Houston,1.0,114161.0
48,04611,Houston,1.0,109145.0
48,04612,Houston,1.0,107527.0
48,04613,Houston,1.0,120576.0
48,04614,Houston,1.0,110884.0
48,04615,Houston,1.0,105200.0
48,04616,Houston,1.0,111447.0
48,04617,Houston,1.0,110607.0
48,04618,Houston,1.0,120157.0
48,04619,Houston,1.0,106098.0
48,04620,Houston,1.0,115337.0
48,04621,Houston,1.0,113742.0
48,04622,Houston,1.0,119715.0
48,04623,Houston,1.0,125250.0
48,04624,Houston,1.0,133081.0
48,04625,Houston,1.0,145350.0
48,04626,Houston,1.0,138807.0
48,04627,Houston,1.0,139765.0
48,04628,Houston,1.0,113802.0
48,04629,Houston,1.0,127122.0
48,04630,Houston,1.0,170352.0
48,04631,Houston,1.0,131582.0
48,04633,Houston,1.0,111541.0
48,04634,Houston,1.0,123401.0
48,04635,Houston,1.0,120317.0
48,04636,Houston,1.0,120753.0
48,04637,Houston,1.0,127234.0
48,04638,Houston,1.0,107815.0
48,04639,Houston,1.0,107261.0
48,04640,Houston,1.0,111496.0
48,04701,Houston,1.0,174342.0
48,04702,Houston,1.0,176340.0
48,04801,Houston,1.0,136993.0
48,04802,Houston,1.0,130360.0
48,04803,Houston,1.0,104678.0
48,04901,Houston,1.0,119965.0
48,04902,Houston,1.0,130960.0
48,04903,Houston,1.0,122983.0
48,04904,Houston,1.0,175880.0
48,04906,Houston,1.0,155550.0
48,04907,Houston,1.0,117441.0
34,00301,New York,1.0,109278.0
34,00302,New York,1.0,125216.0
34,00303,New York,1.0,136342.0
34,00304,New York,1.0,129504.0
34,00305,New York,1.0,126560.0
34,00306,New York,1.0,104617.0
34,00307,New York,1.0,117748.0
34,00308,New York,1.0,106467.0
34,00501,New York,1.0,143175.0
34,00502,New York,1.0,114166.0
34,00503,New York,1.0,159732.0
34,00504,New York,1.0,107045.0
34,00601,New York,1.0,165889.0
34,00602,New York,1.0,126560.0
34,00603,New York,1.0,146205.0
34,00604,New York,1.0,150471.0
34,00605,New York,1.0,135729.0
34,00800,New York,1.0,128947.0
34,00901,New York,1.0,131871.0
34,00902,New York,1.0,118048.0
34,00903,New York,1.0,118725.0
34,00904,New York,1.0,115411.0
34,00905,New York,1.0,114925.0
34,00906,New York,1.0,153990.0
34,00907,New York,1.0,110192.0
34,01001,New York,1.0,111214.0
34,01002,New York,1.0,113861.0
34,01003,New York,1.0,120286.0
34,01101,New York,1.0,103643.0
34,01102,New York,1.0,111349.0
34,01103,New York,1.0,114319.0
34,01104,New York,1.0,107026.0
34,01105,New York,1.0,100778.0
34,01106,New York,1.0,106500.0
34,01201,New York,1.0,124032.0
34,01202,New York,1.0,159890.0
34,01203,New York,1.0,135158.0
34,01204,New York,1.0,114367.0
34,01205,New York,1.0,103782.0
34,01401,New York,1.0,121470.0
34,01402,New York,1.0,105344.0
34,01403,New York,1.0,113124.0
34,01404,New York,1.0,108182.0
34,01405,New York,1.0,104059.0
34,01406,New York,1.0,156404.0
34,01407,New York,1.0,155145.0
34,01501,New York,1.0,132976.0
34,01502,New York,1.0,131809.0
34,01503,New York,1.0,118299.0
34,01504,New York,1.0,126201.0
34,01600,New York,1.0,144221.0
34,01901,New York,1.0,104578.0
34,01902,New York,1.0,102153.0
34,01903,New York,1.0,118360.0
34,01904,New York,1.0,112956.0
34,01905,New York,1.0,137298.0
36,02805,New York,0.7213986571827428,135387.0
36,03001,New York,1.0,106384.0
36,03002,New York,1.0,109337.0
36,03003,New York,1.0,122608.0
36,03102,New York,1.0,152473.0
36,03103,New York,1.0,139687.0
36,03110,New York,1.0,146109.0
36,03111,New York,1.0,113650.0
36,03112,New York,1.0,211569.0
36,03113,New York,1.0,121612.0
36,03114,New York,1.0,119357.0
36,03201,New York,1.0,118149.0
36,03202,New York,1.0,114990.0
36,03203,New York,1.0,106221.0
36,03204,New York,1.0,119490.0
36,03205,New York,1.0,118668.0
36,03206,New York,1.0,154180.0
36,03207,New York,1.0,114103.0
36,03208,New York,1.0,108486.0
36,03209,New York,1.0,105022.0
36,03210,New York,1.0,109227.0
36,03211,New York,1.0,115026.0
36,03212,New York,1.0,112212.0
36,03301,New York,1.0,101400.0
36,03302,New York,1.0,102727.0
36,03303,New York,1.0,116296.0
36,03304,New York,1.0,118528.0
36,03305,New York,1.0,161127.0
36,03306,New York,1.0,133185.0
36,03307,New York,1.0,125701.0
36,03308,New York,1.0,108795.0
36,03309,New York,1.0,102493.0
36,03310,New York,1.0,130712.0
36,03311,New York,1.0,106733.0
36,03312,New York,1.0,101006.0
36,03313,New York,1.0,117217.0
36,04103,New York,1.0,163141.0
36,04104,New York,1.0,129265.0
36,04107,New York,1.0,224344.0
36,04108,New York,1.0,231983.0
36,04109,New York,1.0,110458.0
36,04110,New York,1.0,130440.0
36,04111,New York,1.0,125771.0
36,04112,New York,1.0,188800.0
36,04121,New York,1.0,170835.0
36,04165,New York,1.0,219214.0
36,04204,New York,1.0,151523.0
36,04205,New York,1.0,135880.0
36,04207,New York,1.0,141945.0
36,04208,New York,1.0,101619.0
36,04209,New York,1.0,186667.0
36,04210,New York,1.0,132351.0
36,04211,New York,1.0,121824.0
36,04212,New York,1.0,160741.0
36,04221,New York,1.0,159561.0
36,04263,New York,1.0,180543.0
36,04301,New York,1.0,204125.0
36,04302,New York,1.0,127650.0
36,04303,New York,1.0,173842.0
36,04304,New York,1.0,120747.0
36,04305,New York,1.0,201682.0
36,04306,New York,1.0,116586.0
36,04307,New York,1.0,133706.0
36,04308,New York,1.0,108805.0
36,04309,New York,1.0,100103.0
36,04310,New York,1.0,134319.0
36,04311,New York,1.0,198527.0
36,04312,New York,1.0,210432.0
36,04313,New York,1.0,113451.0
36,04314,New York,1.0,162410.0
36,04315,New York,1.0,163346.0
36,04316,New York,1.0,102095.0
36,04317,New York,1.0,160243.0
36,04318,New York,1.0,204005.0
36,04401,New York,1.0,193031.0
36,04402,New York,1.0,137718.0
36,04403,New York,1.0,178855.0
36,04404,New York,1.0,181730.0
36,04405,New York,1.0,179294.0
36,04406,New York,1.0,119706.0
36,04407,New York,1.0,270930.0
36,04408,New York,1.0,157986.0
36,04409,New York,1.0,151876.0
36,04410,New York,1.0,130378.0
36,04411,New York,1.0,122366.0
36,04412,New York,1.0,257759.0
36,04413,New York,1.0,199648.0
36,04414,New York,1.0,124187.0
36,04501,New York,1.0,189663.0
36,04502,New York,1.0,141591.0
36,04503,New York,1.0,164493.0
04,00101,Phoenix,1.0,185881.0
04,00102,Phoenix,1.0,144062.0
04,00103,Phoenix,1.0,120951.0
04,00104,Phoenix,1.0,106653.0
04,00105,Phoenix,1.0,165935.0
04,00106,Phoenix,1.0,122710.0
04,00107,Phoenix,1.0,128103.0
04,00108,Phoenix,1.0,107998.0
04,00109,Phoenix,1.0,108516.0
04,00110,Phoenix,1.0,128498.0
04,00111,Phoenix,1.0,111602.0
04,00112,Phoenix,1.0,130727.0
04,00113,Phoenix,1.0,104693.0
04,00114,Phoenix,1.0,111355.0
04,00115,Phoenix,1.0,109655.0
04,00116,Phoenix,1.0,110648.0
04,00117,Phoenix,1.0,109946.0
04,00118,Phoenix,1.0,116146.0
04,00119,Phoenix,1.0,117231.0
04,00120,Phoenix,1.0,108700.0
04,00121,Phoenix,1.0,166779.0
04,00122,Phoenix,1.0,102202.0
04,00123,Phoenix,1.0,115847.0
04,00124,Phoenix,1.0,114445.0
04,00125,Phoenix,1.0,114546.0
04,00126,Phoenix,1.0,129933.0
04,00127,Phoenix,1.0,121259.0
04,00128,Phoenix,1.0,110257.0
04,00129,Phoenix,1.0,140573.0
04,00130,Phoenix,1.0,126627.0
04,00131,Phoenix,1.0,123399.0
04,00132,Phoenix,1.0,146751.0
04,00133,Phoenix,1.0,122883.0
04,00134,Phoenix,1.0,168686.0
04,00135,Phoenix,1.0,166371.0
04,00803,Phoenix,1.0,147577.0
04,00805,Phoenix,1.0,122686.0
04,00807,Phoenix,1.0,144191.0
06,00101,San Francisco,1.0,144592.0
06,00111,San Francisco,1.0,106433.0
06,00112,San Francisco,1.0,106896.0
06,00113,San Francisco,1.0,125840.0
06,00114,San Francisco,1.0,194852.0
06,00115,San Francisco,1.0,107913.0
06,00116,San Francisco,1.0,102035.0
06,00117,San Francisco,1.0,105721.0
06,00118,San Francisco,1.0,125765.0
06,00119,San Francisco,1.0,126178.0
06,00120,San Francisco,1.0,118663.0
06,00121,San Francisco,1.0,115687.0
06,00122,San Francisco,1.0,100310.0
06,00123,San Francisco,1.0,101468.0
06,01301,San Francisco,1.0,129420.0
06,01305,San Francisco,1.0,143688.0
06,01308,San Francisco,1.0,120154.0
06,01309,San Francisco,1.0,125676.0
06,01310,San Francisco,1.0,140962.0
06,01311,San Francisco,1.0,122701.0
06,01312,San Francisco,1.0,103075.0
06,01313,San Francisco,1.0,177708.0
06,01314,San Francisco,1.0,102543.0
06,04103,San Francisco,1.0,103006.0
06,04104,San Francisco,1.0,159315.0
06,07507,San Francisco,1.0,115070.0
06,07508,San Francisco,1.0,100221.0
06,07509,San Francisco,1.0,115773.0
06,07510,San Francisco,1.0,107058.0
06,07511,San Francisco,1.0,128619.0
06,07512,San Francisco,1.0,100691.0
06,07513,San Francisco,1.0,104289.0
06,07514,San Francisco,1.0,102244.0
06,08101,San Francisco,1.0,142648.0
06,08102,San Francisco,1.0,123800.0
06,08103,San Francisco,1.0,110800.0
06,08104,San Francisco,1.0,129709.0
06,08105,San Francisco,1.0,139778.0
06,08106,San Francisco,1.0,117707.0
